Year,Entity,Code,Annual plastic production between 1950 and 2019,Population,Yearly Growth %,Number,Density (Pop/km2)
1951,World,OWID_WRL,2000000,"2,543,130,380",1.75%,"43,808,223",17
1952,World,OWID_WRL,2000000,"2,590,270,899",1.85%,"47,140,519",17
1953,World,OWID_WRL,3000000,"2,640,278,797",1.93%,"50,007,898",18
1954,World,OWID_WRL,3000000,"2,691,979,339",1.96%,"51,700,542",18
1955,World,OWID_WRL,4000000,"2,746,072,141",2.01%,"54,092,802",18
1956,World,OWID_WRL,5000000,"2,801,002,631",2.00%,"54,930,490",19
1957,World,OWID_WRL,5000000,"2,857,866,857",2.03%,"56,864,226",19
1958,World,OWID_WRL,6000000,"2,916,108,097",2.04%,"58,241,240",20
1959,World,OWID_WRL,7000000,"2,970,292,188",1.86%,"54,184,091",20
1960,World,OWID_WRL,8000000,"3,019,233,434",1.65%,"48,941,246",20
1961,World,OWID_WRL,9000000,"3,068,370,609",1.63%,"49,137,175",21
1962,World,OWID_WRL,11000000,"3,126,686,743",1.90%,"58,316,134",21
1963,World,OWID_WRL,13000000,"3,195,779,247",2.21%,"69,092,504",21
1964,World,OWID_WRL,15000000,"3,267,212,338",2.24%,"71,433,091",22
1965,World,OWID_WRL,17000000,"3,337,111,983",2.14%,"69,899,645",22
1966,World,OWID_WRL,20000000,"3,406,417,036",2.08%,"69,305,053",23
1967,World,OWID_WRL,23000000,"3,475,448,166",2.03%,"69,031,130",23
1968,World,OWID_WRL,27000000,"3,546,810,808",2.05%,"71,362,642",24
1969,World,OWID_WRL,32000000,"3,620,655,275",2.08%,"73,844,467",24
1970,World,OWID_WRL,35000000,"3,695,390,336",2.06%,"74,735,061",25
1971,World,OWID_WRL,38000000,"3,770,163,092",2.02%,"74,772,756",25
1972,World,OWID_WRL,44000000,"3,844,800,885",1.98%,"74,637,793",26
1973,World,OWID_WRL,51000000,"3,920,251,504",1.96%,"75,450,619",26
1975,World,OWID_WRL,46000000,"4,069,437,231",1.85%,"73,920,154",27
1976,World,OWID_WRL,54000000,"4,142,505,882",1.80%,"73,068,651",28
1977,World,OWID_WRL,59000000,"4,215,772,490",1.77%,"73,266,608",28
1978,World,OWID_WRL,64000000,"4,289,657,708",1.75%,"73,885,218",29
1979,World,OWID_WRL,71000000,"4,365,582,871",1.77%,"75,925,163",29
1980,World,OWID_WRL,70000000,"4,444,007,706",1.80%,"78,424,835",30
1981,World,OWID_WRL,72000000,"4,524,627,658",1.81%,"80,619,952",30
1982,World,OWID_WRL,73000000,"4,607,984,871",1.84%,"83,357,213",31
1983,World,OWID_WRL,80000000,"4,691,884,238",1.82%,"83,899,367",32
1984,World,OWID_WRL,86000000,"4,775,836,074",1.79%,"83,951,836",32
1985,World,OWID_WRL,90000000,"4,861,730,613",1.80%,"85,894,539",33
1986,World,OWID_WRL,96000000,"4,950,063,339",1.82%,"88,332,726",33
1987,World,OWID_WRL,104000000,"5,040,984,495",1.84%,"90,921,156",34
1988,World,OWID_WRL,110000000,"5,132,293,974",1.81%,"91,309,479",34
1989,World,OWID_WRL,114000000,"5,223,704,308",1.78%,"91,410,334",35
1990,World,OWID_WRL,120000000,"5,316,175,862",1.77%,"92,471,554",36
1991,World,OWID_WRL,124000000,"5,406,245,867",1.69%,"90,070,005",36
1992,World,OWID_WRL,132000000,"5,492,686,093",1.60%,"86,440,226",37
1993,World,OWID_WRL,137000000,"5,577,433,523",1.54%,"84,747,430",37
1994,World,OWID_WRL,151000000,"5,660,727,993",1.49%,"83,294,470",38
1995,World,OWID_WRL,156000000,"5,743,219,454",1.46%,"82,491,461",39
1996,World,OWID_WRL,168000000,"5,825,145,298",1.43%,"81,925,844",39
1997,World,OWID_WRL,180000000,"5,906,481,261",1.40%,"81,335,963",40
1998,World,OWID_WRL,188000000,"5,987,312,480",1.37%,"80,831,219",40
1999,World,OWID_WRL,202000000,"6,067,758,458",1.34%,"80,445,978",41
2000,World,OWID_WRL,213000000,"6,148,898,975",1.34%,"81,140,517",41
2001,World,OWID_WRL,218000000,"6,230,746,982",1.33%,"81,848,007",42
2002,World,OWID_WRL,231000000,"6,312,407,360",1.31%,"81,660,378",42
2003,World,OWID_WRL,241000000,"6,393,898,365",1.29%,"81,491,005",43
2004,World,OWID_WRL,256000000,"6,475,751,478",1.28%,"81,853,113",43
2005,World,OWID_WRL,263000000,"6,558,176,119",1.27%,"82,424,641",44
2006,World,OWID_WRL,280000000,"6,641,416,218",1.27%,"83,240,099",45
2007,World,OWID_WRL,295000000,"6,725,948,544",1.27%,"84,532,326",45
2008,World,OWID_WRL,281000000,"6,811,597,272",1.27%,"85,648,728",46
2009,World,OWID_WRL,288000000,"6,898,305,908",1.27%,"86,708,636",46
2010,World,OWID_WRL,313000000,"6,985,603,105",1.27%,"87,297,197",47
2011,World,OWID_WRL,325000000,"7,073,125,425",1.25%,"87,522,320",47
2012,World,OWID_WRL,338000000,"7,161,697,921",1.25%,"88,572,496",48
2013,World,OWID_WRL,352000000,"7,250,593,370",1.24%,"88,895,449",49
2014,World,OWID_WRL,367000000,"7,339,013,419",1.22%,"88,420,049",49
2015,World,OWID_WRL,381000000,"7,426,597,537",1.19%,"87,584,118",50
2016,World,OWID_WRL,400050000,"7,513,474,238",1.17%,"86,876,701",50
2017,World,OWID_WRL,420052500,"7,599,822,404",1.15%,"86,348,166",51
2018,World,OWID_WRL,441055140,"7,683,789,828",1.10%,"83,967,424",52
2019,World,OWID_WRL,459746020,"7,764,951,032",1.06%,"81,161,204",52
